<?xml version="1.0"?>
<!DOCTYPE modification SYSTEM "http://www.simplemachines.org/xml/modification">
<modification xmlns="http://www.simplemachines.org/xml/modification" xmlns:smf="http://www.simplemachines.org/">
	<id>Labradoodle-360:Effectively_Remove_SMF_Logo</id>
	<version>2.0</version>

	<!-- !! Modifications !! -->
	<file name="$themedir/index.template.php">
		<operation>
			<search position="replace"><![CDATA[
			<img id="upshrink" src="', $settings['images_url'], '/upshrink.png" alt="*" title="', $txt['upshrink_description'], '" style="display: none;" />';
	echo '
			', empty($settings['site_slogan']) ? '<img id="smflogo" src="' . $settings['images_url'] . '/smflogo.png" alt="Simple Machines Forum" title="Simple Machines Forum" />' : '<div id="siteslogan" class="floatright">' . $settings['site_slogan'] . '</div>', '
]]></search>
			<add><![CDATA[
			<img id="upshrink" src="', $settings['images_url'], '/upshrink.png" alt="*" title="', $txt['upshrink_description'], '" style="display: none;" />';
	echo '
			', !empty($settings['site_slogan']) ? '<div id="siteslogan" class="floatright">' . $settings['site_slogan'] . '</div>' : '', '
]]></add>
		</operation>
	</file>
	<file name="$themedir/css/index.css">
		<operation>
			<search position="replace"><![CDATA[
#siteslogan, img#smflogo
{
	margin: 0;
]]></search>
			<add><![CDATA[
#siteslogan
{
	margin: 0;
]]></add>
		</operation>
	</file>

</modification>