<?xml version="1.0"?>
<!DOCTYPE package-info SYSTEM "http://www.simplemachines.org/xml/package-info">
<!-- - - - - - - - - - - - - - - - - - - - - - - - - - - - - - - - - - - - - - -
	Package manifest file for Effectively Remove SMF Logo

	ATTENTION: If you are trying to install this manually, you should try
	the package manager.  If it will not work for you, please take a look
	at the following for information on this format:
		http://mods.simplemachines.org/docs/manual-install.php

 - - - - - - - - - - - - - - - - - - - - - - - - - - - - - - - - - - - - - - -->

<package-info xmlns="http://www.simplemachines.org/xml/package-info" xmlns:smf="http://www.simplemachines.org/">

	<name>Effectively Remove SMF Logo</name>
	<id>Labradoodle-360:Effectively_Remove_SMF_Logo</id>
	<version>2.0</version>
	<type>modification</type>

	<!-- !! Installs !! -->
	<install for="2.0-2.99.99">
		<readme parsebbc="true">readme.txt</readme>
		<modification>modifications.xml</modification>
		<remove-file name="$imagesdir/smflogo.png" />
	</install>

	<!-- !! Uninstalls !! -->
	<uninstall for="2.0-2.99.99">
		<readme parsebbc="true">readme.txt</readme>
		<modification reverse="true">modifications.xml</modification>
		<require-file name="smflogo.png" destination="$imagesdir" />
	</uninstall>

</package-info>