<?xml version="1.0"?>
<!DOCTYPE package-info SYSTEM "http://www.simplemachines.org/xml/package-info">
<package-info xmlns="http://www.simplemachines.org/xml/package-info" xmlns:smf="http://www.simplemachines.org/">
	<id>smf:smf-1.1.21_2.0.10</id>
	<name>SMF 1.1.21 / 2.0.10 Update</name>
	<version>1.0</version>
	<type>modification</type>

	<install for="1.1.20">
		<readme type="inline">
			This patch file will fix minor issues for your SMF 1.1.20 forum.
		</readme>
		<modification type="file" format="xml">smf_1-1-21_patch.xml</modification>
	</install>
	<install for="2.0.9">
		<readme type="inline">
			This patch file will provide important stability fixes to your SMF 2.0.9 forum.
		</readme>
		<modification type="file" format="xml">smf_2-0-10_patch.xml</modification>
	</install>
	<uninstall for="1.1.21">
		<readme type="inline">
			This will uninstall the fixes of your SMF 1.1.21 forum. This is generally NOT a good idea.
		</readme>
		<modification type="file" reverse="true" format="xml">smf_1-1-21_patch.xml</modification>
	</uninstall>
	<uninstall for="2.0.10">
		<readme type="inline">
			This will uninstall the stability fixes of your SMF 2.0.10 forum. This is generally NOT a good idea.
		</readme>
		<modification type="file" reverse="true" format="xml">smf_2-0-10_patch.xml</modification>
	</uninstall>
</package-info>
