<?xml version="1.0"?>
<!DOCTYPE modification SYSTEM "http://www.simplemachines.org/xml/modification">
<modification xmlns="http://www.simplemachines.org/xml/modification" xmlns:smf="http://www.simplemachines.org/">
<id>sologhost:pmattachments</id>
<version>1.5</version>
<file name="$themedir/ManageAttachments.template.php">
<operation>
		<search position="replace"><![CDATA[<input type="hidden" name="sa" value="byAge" />
					</form>
			</div>
			<span class="botslice"><span></span></span>
		</div>
	</div>
	<br class="clear" />';]]></search>
		<add><![CDATA[<input type="hidden" name="sa" value="byAge" />
					</form>
			</div>
			<span class="botslice"><span></span></span>
		</div>
	<h3 class="catbg"><span class="left"></span>
			', $txt['pmattachment_options'], '
	</h3>
	<div class="windowbg">
				<span class="topslice"><span></span></span>
				<div class="content">
					<form action="', $scripturl, '?action=admin;area=manageattachments" method="post" accept-charset="', $context['character_set'], '" onsubmit="return confirm(\'', $txt['confirm_delete_pmattachments'], '\');" style="margin: 0 0 2ex 0;">
					', $txt['message'], ': <input type="text" name="notice" value="', $txt['attachment_delete_admin'], '" size="40" class="input_text" /><br />
					', $txt['pmattachment_remove_old'], ' <input type="text" name="age" value="25" size="4" class="input_text" /> ', $txt['days_word'], ' <input type="submit" name="submit" value="', $txt['remove'], '" class="button_submit" />
					<input type="hidden" name="type" value="attachments" />
					<input type="hidden" name="', $context['session_var'], '" value="', $context['session_id'], '" />
					<input type="hidden" name="sa" value="pmByAge" />
					</form>
					<form action="', $scripturl, '?action=admin;area=manageattachments" method="post" accept-charset="', $context['character_set'], '" onsubmit="return confirm(\'', $txt['confirm_delete_pmattachments'], '\');" style="margin: 0 0 2ex 0;">
					', $txt['message'], ': <input type="text" name="notice" value="', $txt['attachment_delete_admin'], '" size="40" class="input_text" /><br />
					', $txt['pmattachment_remove_size'], ' <input type="text" name="size" id="size" value="100" size="4" class="input_text" /> ', $txt['kilobyte'], ' <input type="submit" name="submit" value="', $txt['remove'], '" class="button_submit" />
					<input type="hidden" name="type" value="attachments" />
					<input type="hidden" name="', $context['session_var'], '" value="', $context['session_id'], '" />
					<input type="hidden" name="sa" value="pmBySize" />
					</form>
					<form action="', $scripturl, '?action=admin;area=manageattachments" method="post" accept-charset="', $context['character_set'], '" onsubmit="return confirm(\'', $txt['confirm_delete_pmattachments'], '\');" style="margin: 0 0 2ex 0;">
					', $txt['message'], ': <input type="text" name="notice" value="', $txt['attachment_delete_admin'], '" size="40" class="input_text" /><br />
					', $txt['pmattachment_remove_downloads'], ' <input type="text" name="downloads" id="downloads" value="1" size="4" class="input_text" /> ', $txt['pmattachment_downloads_times'], ' <input type="submit" name="submit" value="', $txt['remove'], '" class="button_submit" />
					<input type="hidden" name="type" value="attachments" />
					<input type="hidden" name="', $context['session_var'], '" value="', $context['session_id'], '" />
					<input type="hidden" name="sa" value="pmByDowns" />
					</form>

					<hr /><form action="', $scripturl, '?action=admin;area=manageattachments" method="post" accept-charset="', $context['character_set'], '" onsubmit="return confirm(\'', $txt['confirm_delete_pmattachments'], '\');" style="margin: 0 0 2ex 0;">
					', $txt['message'], ': <input type="text" name="notice" value="', $txt['attachment_delete_admin'], '" size="40" class="input_text" /><br />
					<a href="', $scripturl, '?action=helpadmin;help=pmattachments_remove_reported" onclick="return reqWin(this.href);" class="help"><img src="', $settings['images_url'], '/helptopics.gif" border="0" align="left" style="padding-right: 1ex;" /></a>', $txt['pmattachments_remove_reported'], ' <select name="reportedMembers"><option name="all" value="all" SELECTED>', $txt['pmattach_report_all_members'], '</option>';
					
					if (count($context['pmattach_reported_from']) >= 1)
					{
						echo '<optgroup label="', $txt['pmattach_specific_members'], '">';
						foreach ($context['pmattach_reported_from'] as $key => $reportedFrom)
							echo '<option name="report', $key, '" value="', $reportedFrom, '">', $reportedFrom, '</option>';
					
						echo '</optgroup>';
					}
					
					echo '</select> <input type="submit" name="submit" value="', $txt['remove'], '" class="button_submit" />
					<input type="hidden" name="type" value="attachments" />
					<input type="hidden" name="', $context['session_var'], '" value="', $context['session_id'], '" />
					<input type="hidden" name="sa" value="pmRemoveReported" />
					</form>
					<form action="', $scripturl, '?action=admin;area=manageattachments" method="post" accept-charset="', $context['character_set'], '" onsubmit="return confirm(\'', $txt['confirm_delete_pmattachments_members'], '\');" style="margin: 0 0 2ex 0;">
					', $txt['message'], ': <input type="text" name="notice" value="', $txt['attachment_delete_admin'], '" size="40" class="input_text" /><br />
					<a href="', $scripturl, '?action=helpadmin;help=pmattachments_remove_by_members" onclick="return reqWin(this.href);" class="help"><img src="', $settings['images_url'], '/helptopics.gif" border="0" align="left" style="padding-right: 1ex;" /></a>', $txt['pmattachments_remove_by_members'], ' <select name="fromtoMembers"><option name="from" value="0" SELECTED>', $txt['pmattachments_remove_by_members_from'], '</option><option name="to" value="1">', $txt['pmattachments_remove_by_members_to'], '</option></select> ', $txt['pmattachments_remove_by_members_cont'], ' <input type="text" name="members" id="members" value="" size="25" class="input_text" /> <input type="submit" name="submit" value="', $txt['remove'], '" class="button_submit" />
					<input type="hidden" name="type" value="attachments" />
					<input type="hidden" name="', $context['session_var'], '" value="', $context['session_id'], '" />
					<input type="hidden" name="sa" value="pmRemoveByMembers" />
					</form>
					
					<form action="', $scripturl, '?action=admin;area=manageattachments" method="post" accept-charset="', $context['character_set'], '" onsubmit="return confirm(\'', $txt['confirm_delete_pmattachments_all'], '\');" style="margin: 0 0 2ex 0;">
					', $txt['message'], ': <input type="text" name="notice" value="', $txt['attachment_delete_admin'], '" size="40" class="input_text" /><br />
					<a href="', $scripturl, '?action=helpadmin;help=pmattachments_remove_all" onclick="return reqWin(this.href);" class="help"><img src="', $settings['images_url'], '/helptopics.gif" border="0" align="left" style="padding-right: 1ex;" /></a>', $txt['pmattachments_remove_all'], ' <input type="submit" name="submit" value="', $txt['remove'], '" class="button_submit" />
					<input type="hidden" name="type" value="attachments" />
					<input type="hidden" name="', $context['session_var'], '" value="', $context['session_id'], '" />
					<input type="hidden" name="sa" value="pmremoveall" />
					</form>
			</div>
			<span class="botslice"><span></span></span>
		</div>		
	</div>
	<br class="clear" />';]]></add>
	</operation>
</file>
</modification>