<?xml version="1.0"?>
<!DOCTYPE modification SYSTEM "http://www.simplemachines.org/xml/modification">
<modification xmlns="http://www.simplemachines.org/xml/modification" xmlns:smf="http://www.simplemachines.org/">
<id>sologhost:pmattachments</id>
<version>1.6</version>
<file name="$themedir/ManageAttachments.template.php">
<operation>
		<search position="replace"><![CDATA[<input type="hidden" name="sa" value="byAge" />
				</form>
			</div>
			<span class="botslice"><span></span></span>
		</div>
	</div>
	<br class="clear" />';]]></search>
		<add><![CDATA[<input type="hidden" name="sa" value="byAge" />
				</form>
			</div>
			<span class="botslice"><span></span></span>
		</div>
	<div class="cat_bar">
		<h3 class="catbg"><span class="left"></span>
				', $txt['pmattachment_options'], '
		</h3>
	</div>
	<div class="windowbg">
				<span class="topslice"><span></span></span>
				<div class="content">
					<form action="', $scripturl, '?action=admin;area=manageattachments" method="post" accept-charset="', $context['character_set'], '" onsubmit="return confirm(\'', $txt['confirm_delete_pmattachments'], '\');" style="margin: 0 0 2ex 0;">
					', $txt['message'], ': <input type="text" name="notice" value="', $txt['attachment_delete_admin'], '" size="40" class="input_text" /><br />
					', $txt['pmattachment_remove_old'], ' <input type="text" name="age" value="25" size="4" class="input_text" /> ', $txt['days_word'], ' <input type="submit" name="submit" value="', $txt['remove'], '" class="button_submit" />
					<input type="hidden" name="type" value="attachments" />
					<input type="hidden" name="', $context['session_var'], '" value="', $context['session_id'], '" />
					<input type="hidden" name="sa" value="pmByAge" />
					</form>
					<form action="', $scripturl, '?action=admin;area=manageattachments" method="post" accept-charset="', $context['character_set'], '" onsubmit="return confirm(\'', $txt['confirm_delete_pmattachments'], '\');" style="margin: 0 0 2ex 0;">
					', $txt['message'], ': <input type="text" name="notice" value="', $txt['attachment_delete_admin'], '" size="40" class="input_text" /><br />
					', $txt['pmattachment_remove_size'], ' <input type="text" name="size" id="size" value="100" size="4" class="input_text" /> ', $txt['kilobyte'], ' <input type="submit" name="submit" value="', $txt['remove'], '" class="button_submit" />
					<input type="hidden" name="type" value="attachments" />
					<input type="hidden" name="', $context['session_var'], '" value="', $context['session_id'], '" />
					<input type="hidden" name="sa" value="pmBySize" />
					</form>
					<form action="', $scripturl, '?action=admin;area=manageattachments" method="post" accept-charset="', $context['character_set'], '" onsubmit="return confirm(\'', $txt['confirm_delete_pmattachments'], '\');" style="margin: 0 0 2ex 0;">
					', $txt['message'], ': <input type="text" name="notice" value="', $txt['attachment_delete_admin'], '" size="40" class="input_text" /><br />
					', $txt['pmattachment_remove_downloads'], ' <input type="text" name="downloads" id="downloads" value="1" size="4" class="input_text" /> ', $txt['pmattachment_downloads_times'], ' <input type="submit" name="submit" value="', $txt['remove'], '" class="button_submit" />
					<input type="hidden" name="type" value="attachments" />
					<input type="hidden" name="', $context['session_var'], '" value="', $context['session_id'], '" />
					<input type="hidden" name="sa" value="pmByDowns" />
					</form>

					<hr /><form action="', $scripturl, '?action=admin;area=manageattachments" method="post" accept-charset="', $context['character_set'], '" onsubmit="return confirm(\'', $txt['confirm_delete_pmattachments'], '\');" style="margin: 0 0 2ex 0;">
					', $txt['message'], ': <input type="text" name="notice" value="', $txt['attachment_delete_admin'], '" size="40" class="input_text" /><br />
					<a href="', $scripturl, '?action=helpadmin;help=pmattachments_remove_reported" onclick="return reqWin(this.href);" class="help"><img src="', $settings['images_url'], '/helptopics.gif" border="0" align="left" style="padding-right: 1ex;" /></a>', $txt['pmattachments_remove_reported'], ' <select name="reportedMembers"><option name="all" value="all" SELECTED>', $txt['pmattach_report_all_members'], '</option>';
					
					if (count($context['pmattach_reported_from']) >= 1)
					{
						echo '<optgroup label="', $txt['pmattach_specific_members'], '">';
						foreach ($context['pmattach_reported_from'] as $key => $reportedFrom)
							echo '<option name="report', $key, '" value="', $reportedFrom, '">', $reportedFrom, '</option>';
					
						echo '</optgroup>';
					}
					
					echo '</select> <input type="submit" name="submit" value="', $txt['remove'], '" class="button_submit" />
					<input type="hidden" name="type" value="attachments" />
					<input type="hidden" name="', $context['session_var'], '" value="', $context['session_id'], '" />
					<input type="hidden" name="sa" value="pmRemoveReported" />
					</form>
					<form action="', $scripturl, '?action=admin;area=manageattachments" method="post" accept-charset="', $context['character_set'], '" onsubmit="return confirm(\'', $txt['confirm_delete_pmattachments_members'], '\');" style="margin: 0 0 2ex 0;">
					', $txt['message'], ': <input type="text" name="notice" value="', $txt['attachment_delete_admin'], '" size="40" class="input_text" /><br />
					<a href="', $scripturl, '?action=helpadmin;help=pmattachments_remove_by_members" onclick="return reqWin(this.href);" class="help"><img src="', $settings['images_url'], '/helptopics.gif" border="0" align="left" style="padding-right: 1ex;" /></a>', $txt['pmattachments_remove_by_members'], ' <select name="fromtoMembers"><option name="from" value="0" SELECTED>', $txt['pmattachments_remove_by_members_from'], '</option><option name="to" value="1">', $txt['pmattachments_remove_by_members_to'], '</option></select> ', $txt['pmattachments_remove_by_members_cont'], ' <input type="text" name="members" id="members" value="" size="25" class="input_text" /> <input type="submit" name="submit" value="', $txt['remove'], '" class="button_submit" />
					<input type="hidden" name="type" value="attachments" />
					<input type="hidden" name="', $context['session_var'], '" value="', $context['session_id'], '" />
					<input type="hidden" name="sa" value="pmRemoveByMembers" />
					</form>
					
					<form action="', $scripturl, '?action=admin;area=manageattachments" method="post" accept-charset="', $context['character_set'], '" onsubmit="return confirm(\'', $txt['confirm_delete_pmattachments_all'], '\');" style="margin: 0 0 2ex 0;">
					', $txt['message'], ': <input type="text" name="notice" value="', $txt['attachment_delete_admin'], '" size="40" class="input_text" /><br />
					<a href="', $scripturl, '?action=helpadmin;help=pmattachments_remove_all" onclick="return reqWin(this.href);" class="help"><img src="', $settings['images_url'], '/helptopics.gif" border="0" align="left" style="padding-right: 1ex;" /></a>', $txt['pmattachments_remove_all'], ' <input type="submit" name="submit" value="', $txt['remove'], '" class="button_submit" />
					<input type="hidden" name="type" value="attachments" />
					<input type="hidden" name="', $context['session_var'], '" value="', $context['session_id'], '" />
					<input type="hidden" name="sa" value="pmremoveall" />
					</form>
			</div>
			<span class="botslice"><span></span></span>
		</div>		
	</div>
	<br class="clear" />';]]></add>
	</operation>
	<operation>
		<search position="end" /><add><![CDATA[

function template_pm_attachment_repair()
{
	global $context, $txt, $scripturl;

	// If we've completed just let them know!
	if ($context['completed'])
	{
	echo '
	<div id="manage_attachments">
		<div class="cat_bar">
			<h3 class="catbg"><span class="left"></span>
				<img src="', $settings['images_url'], '/admin/post_moderation_allow.gif" alt="" /> ', $txt['repair_attachments_complete'], '
			</h3>
		</div>
		<div class="windowbg">
			<span class="topslice"><span></span></span>
			<div class="content">
				', $txt['repair_attachments_complete_desc'], '
			</div>
			<span class="botslice"><span></span></span>
		</div>
	</div>
	<br class="clear" />';
	}
	
	// What about if no errors were even found?
	elseif (!$context['errors_found'])
	{
		echo '
	<div id="manage_attachments">
		<div class="cat_bar">
			<h3 class="catbg"><span class="left"></span>
				<img src="', $settings['images_url'], '/admin/post_moderation_allow.gif" alt="" /> ', $txt['repair_attachments_complete'], '
			</h3>
		</div>
		<div class="windowbg">
			<span class="topslice"><span></span></span>
			<div class="content">
				', $txt['repair_attachments_no_errors'], '
			</div>
			<span class="botslice"><span></span></span>
		</div>
	</div>
	<br class="clear" />';
	}
	// Otherwise, I'm sad to say, we have a problem!
	else
	{
		echo '
	<div id="manage_attachments">
		<form action="', $scripturl, '?action=admin;area=manageattachments;sa=pmrepair;fixErrors=1;step=0;substep=0;', $context['session_var'], '=', $context['session_id'], '" method="post" accept-charset="', $context['character_set'], '">
			<div class="cat_bar">
				<h3 class="catbg"><span class="left"></span>
					<img src="',$settings['images_url'], '/admin/post_moderation_deny.gif" alt="" /> ', $txt['repair_attachments'], '
				</h3>
			</div>
			<div class="windowbg">
				<span class="topslice"><span></span></span>
				<div class="content">
					<p>', $txt['repair_attachments_error_desc'], '</p>
					';

		// Loop through each error reporting the status
		foreach ($context['repair_errors'] as $error => $number)
		{
		
		
			if (!empty($number))
				echo '
						<input type="checkbox" name="to_fix[]" id="', $error, '" value="', $error, '" class="input_check" />
						<label for="', $error, '">', sprintf($txt['attach_pmrepair_' . $error], $number), '</label><br />';
			}
	
			echo '		<br />
						<input type="submit" value="', $txt['repair_attachments_continue'], '" class="button_submit" />
						<input type="submit" name="cancel" value="', $txt['repair_attachments_cancel'], '" class="button_submit" />
					</div>
					<span class="botslice"><span></span></span>
				</div>
			</form>
		</div>
		<br class="clear" />';
	}
}

function template_pmattachment_paths()
{
	template_show_list('pmattach_paths');
}

]]></add>
	</operation>
</file>
</modification>